{
    "PlantID:2670836832": {
        "Stage": 0,
        "EffectingProps": [],
        "Stats": {
            "Water": 0,
            "Light": 0,
            "Temp": 0,
            "Health": 100,
            "Soil": 60,
            "HasSoil": true
        },
        "Loc": {
            "w": 283.0068359375,
            "z": 28.3515510559082,
            "y": -1850.08447265625,
            "x": 749.31884765625
        },
        "Owner": "PZY81514",
        "Modifiers": []
    }
}