{
    "GrowTool:824779865": {
        "Type": "Fan",
        "Loc": {
            "x": 750.7167358398438,
            "y": -1849.1170654296876,
            "z": 28.44156646728515,
            "w": 281.4953918457031
        },
        "Info": []
    }
}